-16.4652996063,200.396575928,142.803771973,-80.3176803589,376.96194458,52.7822036743,
3.51154732704,160.870986938,146.075759888,-80.2778244019,376.975585938,53.3338546753,
13.0412559509,127.357620239,135.339431763,-80.2509078979,376.984802246,53.7064704895,
21.111000061,113.115882874,118.221221924,-80.1546096802,377.370391846,53.8384666443,
21.205078125,91.3771362305,96.6638336182,-80.0300521851,377.486968994,53.8731307983,
31.9926528931,58.2214393616,46.4155273438,-79.7473220825,377.492706299,53.5853691101,
90.5501327515,74.4909667969,-34.0213088989,-79.5357513428,379.18850708,52.3460388184,
193.855255127,90.6621780396,-55.7636070251,-79.2276153564,380.498840332,51.5036048889,
-254.994354248,179.774047852,-248.057495117,-80.0007247925,385.532592773,46.7623710632,
-270.778625488,348.228240967,-471.10836792,-78.9845123291,389.048309326,39.9751663208,
-292.037567139,213.370437622,-503.42767334,-78.3112487793,388.72265625,35.0316123962,
-299.703948975,133.760360718,-548.031860352,-77.393119812,388.801849365,29.2231750488,
-289.686523438,105.739326477,-591.462280273,-76.3460083008,388.681945801,23.4581947327,
-372.926849365,118.402603149,-640.673034668,-77.2165298462,388.802124023,16.9424133301,
-514.062194824,-208.556243896,-483.218414307,-81.3717651367,382.725006104,14.0848798752,
-958.976318359,-621.617675781,-603.090637207,-84.3583145142,376.868408203,12.4281768799,
-844.034240723,-798.384094238,-618.505126953,-85.2419586182,370.855895996,10.4861536026,
-739.317565918,-1846.57666016,-1126.44665527,-86.0586547852,365.507141113,7.92843484879,
-312.663818359,-692.977905273,-542.442077637,-85.9618453979,359.741119385,6.00543451309,
-197.918441772,-779.232666016,-485.37878418,-85.3657150269,354.152496338,4.79698944092,
201.926834106,-999.618164062,-128.409118652,-82.1612930298,347.214111328,26.5977153778,
418.852752686,-826.946838379,-293.93850708,-79.5090789795,341.401702881,36.9859085083,
511.283782959,-714.750061035,-268.749176025,-78.2007827759,336.001281738,42.5978546143,
444.086547852,-677.642211914,-203.160324097,-76.7849655151,330.301300049,46.0141601562,
316.197052002,-641.571044922,-144.179504395,-75.9772720337,324.759887695,48.5911827087,
201.219100952,-664.687988281,-59.7169303894,-75.5693664551,320.126403809,50.5229454041,
137.817657471,-787.647155762,70.1886367798,-75.4833526611,315.843383789,52.0792541504,
72.4164962769,-760.225158691,132.731826782,-75.4864196777,311.719329834,54.0784225464,
52.4704360962,-773.253662109,218.483520508,-75.3499908447,308.534667969,55.8038330078,
42.4476661682,-798.755737305,292.116455078,-75.1909942627,305.320526123,57.2717704773,
12.7752771378,-717.399719238,287.87097168,-75.0738067627,302.353637695,59.1024017334,
5.50583934784,-638.101867676,306.634521484,-75.0055847168,300.590423584,61.0167732239,
8.13345623016,-582.035766602,330.602722168,-74.8326644897,299.102752686,62.8246612549,
24.2471599579,-561.268493652,356.255401611,-74.8678131104,297.288543701,64.3933410645,
28.0223922729,-549.934082031,365.704498291,-74.8990020752,295.080932617,65.7351531982,
40.8021087646,-562.922851562,403.31463623,-74.943359375,292.832977295,67.2528991699,
70.7686538696,-588.463989258,400.126983643,-75.465133667,289.730529785,69.2331542969,
56.0343284607,-559.208740234,399.913696289,-75.5662155151,287.986877441,70.3313751221,
28.3944816589,-515.55670166,399.515045166,-75.8448562622,286.498382568,71.6756973267,
27.3748645782,-518.126281738,416.155456543,-76.3098068237,284.31362915,73.0777130127,
3.21021199226,-511.998077393,458.343658447,-76.8845596313,282.539642334,74.9915084839,
-20.4569568634,-509.347229004,486.470031738,-76.9519577026,280.413146973,76.8497619629,
-41.4492530823,-468.126464844,477.196472168,-76.9228515625,279.513122559,77.3901290894,
-68.0609741211,-442.883148193,468.34552002,-78.0304107666,278.53817749,77.382194519,
-96.4004592896,-414.233154297,480.215454102,-78.3059310913,277.816314697,77.5140228271,
-113.289054871,-409.441558838,551.095031738,-78.7626953125,276.138183594,79.8366470337,
-4.15729570389,-466.189849854,377.966644287,-78.1215896606,271.845306396,79.2978668213,
2.08995103836,-469.574615479,431.442230225,-77.8724822998,270.130096436,78.9757003784,
4.68680286407,-382.19418335,448.635040283,-76.445930481,269.788665771,79.4017410278,
-20.0083389282,-304.27331543,476.409973145,-75.5391159058,269.635406494,79.9557647705,
-7.51038169861,-341.56072998,511.353393555,-76.4381103516,267.884246826,79.8484039307,
-0.648714900017,-379.12991333,567.287902832,-78.182144165,265.666015625,80.7144393921,
-22.5865039825,-374.4269104,613.633605957,-80.7425842285,263.740875244,82.9410324097,
-54.9812774658,-295.387054443,600.410644531,-80.7901992798,262.948272705,84.3506317139,
-49.0495491028,-243.137374878,540.520324707,-80.5028457642,262.00112915,85.5815658569,
-59.7091751099,-243.486328125,589.651794434,-82.3558044434,260.201049805,87.7835540771,
-63.1532402039,-218.124328613,571.076660156,-83.5230484009,258.903167725,89.5619125366,
-74.4123840332,-194.099258423,560.102294922,-84.6732788086,257.523834229,91.379447937,
-73.4412918091,-163.03112793,505.509216309,-85.338470459,256.551605225,92.6072921753,
-69.434425354,-131.782821655,446.716461182,-85.8325958252,255.828964233,93.6842575073,
-67.6560058594,-103.665161133,418.532653809,-86.3415374756,255.156692505,94.9647445679,
-68.1041946411,-73.7642211914,388.825958252,-86.5727081299,254.555557251,95.7217483521,
-60.0628623962,-48.9968299866,336.231079102,-86.5243453979,254.245361328,96.1657485962,
-52.5849227905,-23.2992649078,302.512145996,-86.0575027466,253.898025513,96.5591964722,
-43.7649459839,-9.61115074158,287.272125244,-85.8431854248,253.415908813,97.038734436,
-31.0986213684,-0.773302257061,278.530670166,-85.5888595581,252.87109375,97.545249939,
-19.167049408,7.26265239716,268.734375,-85.336517334,252.453094482,98.0706863403,
-16.7843647003,11.6635532379,266.425292969,-85.0202713013,251.928207397,98.806022644,
-5.25564193726,-33.974105835,158.161727905,-84.7803573608,251.454528809,99.6021575928,
-0.51786249876,-27.5379829407,140.088119507,-84.6332092285,251.164001465,100.090446472,
-2.81211352348,-22.879119873,130.161422729,-84.6482772827,250.892990112,100.521812439,
-4.37057065964,-17.4636230469,119.438980103,-84.7114486694,250.623764038,100.882545471,
-6.04909515381,-12.6862411499,115.331359863,-84.7409744263,250.410858154,101.182884216,
-6.93145751953,-9.68579769135,108.343612671,-84.7743301392,250.238739014,101.410140991,
-7.18988752365,-11.4798307419,98.2364959717,-84.8643417358,249.972259521,101.709587097,
-5.97520446777,-11.8490304947,83.8893890381,-84.9317321777,249.772766113,101.933769226,
-5.46057081223,-12.2769002914,67.7300643921,-84.9995269775,249.590362549,102.061683655,
-4.33650445938,-15.5277996063,53.7326049805,-85.0364456177,249.401351929,102.216575623,
4.5368180275,-21.4500999451,49.4569702148,-85.1429367065,249.055786133,102.450202942,
7.25158500671,-19.7895717621,55.2432250977,-85.2231445312,248.795532227,102.626159668,
4.88000249863,-18.4485340118,54.6441345215,-85.2144775391,248.59928894,102.749816895,
2.57453608513,-17.0263328552,46.5530357361,-85.2080612183,248.453994751,102.841369629,
-1.4468870163,-17.2586708069,37.651473999,-85.3299865723,248.267303467,102.916267395,
-0.255719274282,-18.5689868927,21.158159256,-85.3661422729,248.07321167,102.787780762,
0.150989174843,-19.058172226,6.74504184723,-85.4060592651,247.978485107,102.67641449,
5.76489019394,-25.985830307,-29.884103775,-85.361038208,247.687026978,101.843582153,
6.51542758942,-29.3236637115,-40.3467521667,-85.4400405884,247.654342651,101.70124054,
7.19873332977,-30.6909713745,-54.3237838745,-85.3913803101,247.770965576,101.391578674,
116.380805969,-162.958267212,-449.744293213,-83.0932998657,245.320541382,91.4344558716,
391.01751709,-230.011016846,-819.140014648,-80.9507522583,241.269515991,90.4005203247,
439.992584229,-159.166275024,-762.024475098,-79.9973983765,239.50730896,89.8325042725,
470.894256592,-7.80078458786,-732.928039551,-78.924118042,240.688674927,85.2948303223,
425.18862915,161.142654419,-906.799926758,-79.1327133179,244.055450439,80.9408874512,
372.490264893,266.264190674,-848.893066406,-78.2443313599,247.443893433,78.2119216919,
191.314041138,243.815811157,-720.58605957,-78.9994277954,249.906890869,74.9238204956,
51.6965827942,250.900405884,-774.377258301,-78.4852600098,253.043823242,72.2293243408,
-81.1970977783,312.382751465,-1035.35253906,-78.0291824341,256.858734131,71.3642959595,
-134.133682251,432.831207275,-1076.81359863,-76.9185256958,261.201049805,69.433380127,
-160.863418579,700.795837402,-1022.30615234,-78.4964752197,269.671630859,70.7424316406,
-142.191436768,757.025146484,-1043.30908203,-78.6816253662,273.377990723,68.6153030396,
-123.969245911,794.730529785,-1093.61474609,-78.6175460815,275.74822998,65.7670898438,
-144.387084961,858.018981934,-1090.33837891,-78.6420059204,278.774017334,63.7061309814,
-152.264175415,927.26171875,-1053.86242676,-78.559425354,282.823944092,61.2713508606,
-172.048858643,1036.76452637,-1002.09228516,-78.946975708,287.680328369,59.6556243896,
-180.791046143,1098.37768555,-933.318603516,-78.9842071533,291.718566895,58.4652786255,
-178.312988281,1126.97302246,-848.129638672,-79.3378372192,296.175750732,56.8494377136,
-181.256500244,1140.73706055,-757.3203125,-79.5721740723,300.34362793,55.639629364,
-196.485946655,1140.83312988,-665.631469727,-79.6790084839,304.404907227,54.6868934631,
-186.871734619,1155.83178711,-577.820373535,-79.8840789795,308.213043213,54.1654281616,
-195.195236206,1158.63208008,-499.13458252,-80.2776794434,312.62890625,53.4170608521,
-191.432632446,1152.56921387,-417.273712158,-80.7472229004,316.877349854,53.0190315247,
-186.643249512,1135.11853027,-347.733612061,-80.8782653809,320.640136719,52.630065918,
-170.783157349,1124.49047852,-277.753967285,-80.9854125977,324.004669189,52.5534362793,
-160.489364624,1081.36962891,-207.759033203,-81.1567459106,327.390075684,52.6213264465,
-150.63973999,1032.16113281,-145.289215088,-81.3344726562,330.842193604,52.8155212402,
-144.000335693,961.294799805,-96.7361755371,-81.4957504272,334.332397461,52.9775352478,
-138.17741394,929.585021973,-54.9200019836,-81.569480896,337.467773438,53.1070098877,
-122.793861389,867.376586914,-15.4314651489,-81.5425949097,339.978546143,53.461643219,
-117.994110107,828.373535156,18.8667564392,-81.5751190186,342.917266846,53.8696403503,
-114.311943054,801.113952637,48.1962661743,-81.565246582,345.384918213,54.2014694214,
-107.088600159,811.974365234,78.6006851196,-81.4953918457,348.491577148,54.5795402527,
-102.214927673,810.048522949,103.303665161,-81.5830535889,351.590637207,54.9814300537,
-82.2035598755,782.148925781,121.930038452,-81.5242843628,354.310455322,55.3773727417,
-83.0532150269,788.291015625,150.554901123,-81.5032424927,357.270721436,55.805683136,
-82.4356842041,777.168945312,177.755447388,-81.4083938599,359.419250488,56.1759147644,
-79.5044937134,746.516052246,196.735610962,-81.2144622803,361.416168213,56.4893875122,
-67.9682235718,733.313232422,228.231704712,-80.9495849609,363.350402832,57.0034484863,
-60.8453788757,748.116516113,263.335845947,-80.6315078735,365.869934082,57.474281311,
-64.8224487305,723.518066406,272.685089111,-80.677772522,369.025726318,58.446308136,
-63.3692855835,743.168640137,317.511322021,-80.4083328247,371.879425049,59.3398170471,
-44.4533882141,711.532165527,309.80569458,-80.4398117065,374.52243042,59.8539924622,
-32.6434516907,610.124389648,272.635864258,-80.3920516968,375.906646729,60.2035522461,
-36.3743667603,572.566833496,299.452392578,-80.2171020508,376.632354736,60.6767311096,
-36.0613250732,581.18170166,362.085205078,-80.1553268433,377.913696289,61.6572875977,
-30.478553772,561.275817871,391.482849121,-79.8729782104,379.434509277,62.8131942749,
-28.1013717651,547.528320312,407.72543335,-79.7339172363,381.960540771,64.6260757446,
-15.812538147,504.171661377,372.529632568,-79.4841079712,384.334228516,65.92578125,
548.2578125,-333.951904297,-272.69619751,-79.2501602173,386.782226562,66.1920089722,
-61.7864608765,460.772399902,339.728515625,-79.0713577271,388.057678223,66.4632492065,
-103.779556274,466.64730835,405.408081055,-78.818939209,389.403625488,67.2001495361,
-70.3464508057,471.106414795,446.883789062,-78.8244171143,391.161712646,68.5069885254,
60.3063926697,355.425201416,192.441223145,-78.6906051636,393.309753418,69.5409545898,
55.8311233521,364.83380127,212.088241577,-78.2237243652,395.670471191,70.8806381226,
39.1171760559,304.373077393,184.754196167,-78.2434158325,396.672271729,71.6163711548,
14.9902200699,274.531555176,207.707214355,-77.9175949097,397.514373779,72.6913986206,
455.158538818,-299.347473145,-413.756347656,-77.8085861206,398.272064209,74.1933441162,
645.208435059,-749.856201172,-533.469116211,-77.5461730957,398.8934021,75.3242797852,
630.860473633,-867.545959473,-382.524475098,-77.3729248047,399.728637695,76.7250442505,
675.113708496,-1387.85925293,-156.492279053,-77.3087692261,399.813873291,78.1552734375,
614.828979492,-1662.03381348,230.167526245,-77.198638916,400.080932617,78.2550430298,
317.259246826,-347.037414551,-288.628173828,-77.276763916,400.114349365,79.049659729,
616.948486328,-941.335083008,-279.88180542,-76.9962463379,399.923492432,81.7117614746,
682.234375,-1134.85693359,-40.5240287781,-76.8235321045,399.866546631,82.9025039673,
108.597389221,-641.029785156,503.242797852,-76.9200286865,402.317047119,81.5337524414,
106.145599365,-424.489685059,432.320526123,-75.8770904541,405.114440918,80.5700912476,
78.1465377808,-310.51071167,354.081390381,-75.7553253174,406.391906738,79.7169494629,
68.7851791382,-223.534896851,278.404724121,-75.3221282959,407.1065979,79.2948074341,
115.567024231,-70.7153244019,196.059448242,-73.6630935669,409.115478516,78.9109649658,
121.947570801,-1.93538868427,148.216506958,-72.7010726929,410.28036499,78.6883926392,
105.662513733,15.5924892426,120.868743896,-72.2589035034,410.815795898,78.5860900879,
-54.682472229,130.119155884,168.41557312,-71.727394104,412.295806885,84.3397750854,
-75.740852356,92.9240875244,183.526672363,-71.9683303833,412.110900879,86.5981826782,
-67.8654022217,66.6482315063,159.33480835,-72.0421981812,412.054199219,87.2905654907,
-127.646255493,146.406997681,109.618659973,-72.0070343018,411.848266602,88.9897918701,
-108.029075623,110.236106873,78.1935653687,-72.265914917,411.701202393,88.9858551025,
-74.2211532593,69.0071792603,64.2568893433,-72.2360839844,411.68661499,88.9582366943,
-38.3737106323,32.8035163879,56.3561401367,-72.0502548218,411.730041504,88.9028015137,
-14.0384550095,8.66882705688,49.1893806458,-71.8896026611,411.767578125,88.8548736572,
0.545636773109,-5.48907709122,42.6732368469,-71.7654495239,411.796569824,88.8178329468,
7.28731584549,-14.8088502884,35.4561347961,-71.7168502808,411.824035645,88.718132019,
13.6811294556,-39.4522132874,22.3039932251,-71.8436355591,411.728424072,88.1020278931,
32.2072525024,-135.137069702,-35.9527702332,-71.9410705566,409.728820801,85.4507904053,
37.1134872437,-158.750061035,-54.4043998718,-71.9965896606,408.589385986,83.9400177002,
33.2623329163,-142.459487915,-51.044467926,-72.0203094482,408.102600098,83.2946090698,
31.2472896576,-135.01071167,-55.1763648987,-71.9774017334,407.769042969,82.2877349854,
14.9381313324,-141.796463013,-67.3401031494,-72.1114578247,407.183807373,81.0109329224,
-3.99488067627,-172.399459839,-80.6228179932,-71.930847168,406.156280518,79.5645294189,
12.1107435226,-179.36932373,-107.268745422,-71.3600387573,404.84161377,77.6879501343,
10.472410202,-210.931884766,-36.5766067505,-71.2370758057,403.717681885,75.9947509766,
16.5741653442,-156.051940918,-105.505752563,-71.2850494385,403.179168701,74.9953079224,
42.3742980957,-257.385986328,-140.901138306,-71.0673446655,399.3621521,72.1834106445,
26.2363052368,-320.495300293,-115.546577454,-70.8736419678,396.999816895,69.2516098022,
-43.4662399292,-218.084457397,-659.092651367,-72.1256332397,398.20300293,65.605682373,
21.6585979462,-100.76109314,-689.049560547,-72.6112747192,401.53918457,61.5792160034,
-83.4285812378,29.1323356628,-361.245239258,-71.938621521,402.602905273,58.8012771606,
-275.207946777,-81.3879699707,-686.885620117,-71.777923584,402.1144104,53.8479309082,
-382.107971191,-217.230834961,-787.22644043,-71.9613189697,399.671386719,49.6367073059,
-231.471740723,-855.397766113,-580.454833984,-71.3726272583,385.430511475,63.2638702393,
107.935417175,406.485656738,-1069.13537598,-70.696975708,378.07019043,68.0572738647,
-33.9395523071,597.208374023,-899.859375,-70.2984466553,373.042785645,69.9450912476,
-83.0751953125,610.373413086,-688.741149902,-70.5323410034,368.506256104,70.546043396,
-117.282051086,567.539428711,-505.21862793,-70.3581542969,364.597595215,69.8059158325,
-143.83821106,401.990905762,-384.776306152,-70.2448348999,361.883209229,69.7268753052,
-106.833244324,255.761627197,-316.641265869,-70.00050354,359.883209229,68.8368453979,
-58.1384048462,90.3528594971,-296.132781982,-69.6647796631,357.769317627,67.5991210938,
-28.4554958344,-18.5669193268,-257.976470947,-69.2516784668,355.347869873,66.6364822388,
5.57492399216,-145.330993652,-242.264587402,-68.7235717773,352.140350342,65.5540847778,
31.3609313965,-234.960205078,-228.288482666,-68.4055099487,349.759063721,64.7364425659,
39.6654396057,-245.771102905,-204.484802246,-68.0340576172,347.877685547,63.8310279846,
59.8436813354,-350.164764404,-223.780090332,-67.4153289795,345.809143066,62.8981399536,
62.9584274292,-386.21987915,-210.473129272,-67.0722579956,343.793884277,62.2349739075,
49.5556526184,-371.330810547,-160.013580322,-66.7962646484,341.402648926,62.2600669861,
54.0070915222,-363.601715088,-144.47088623,-66.6113357544,339.43661499,61.7330322266,
56.1124839783,-368.661468506,-140.875976562,-66.3779983521,337.660797119,61.1394462585,
71.2302780151,-423.286224365,-137.494171143,-65.9962844849,335.400299072,60.8795166016,
80.6092605591,-444.778625488,-136.697494507,-65.8052062988,333.465881348,60.4012832642,
82.9906311035,-448.925231934,-127.810882568,-65.703666687,331.602203369,60.0431022644,
76.5049514771,-449.951782227,-120.279396057,-65.5812988281,330.143890381,59.7744483948,
76.471244812,-432.817108154,-112.465255737,-65.630607605,328.994384766,59.4093856812,
69.2728805542,-427.450592041,-91.8847885132,-65.5163421631,327.03604126,59.4154891968,
53.9575500488,-397.630645752,-77.7574386597,-65.4104385376,325.164611816,59.2585868835,
46.6776847839,-351.119659424,-75.8373336792,-65.520072937,324.120666504,58.8109855652,
40.2990150452,-318.906616211,-57.2618484497,-65.5393829346,322.833282471,58.8645973206,
56.9373512268,-401.138549805,-48.0941925049,-65.9920272827,318.686553955,58.5593948364,
54.2367210388,-401.887268066,-38.4490661621,-66.0743255615,317.640441895,58.6099853516,
48.7404098511,-399.381530762,-26.5196361542,-66.2837371826,316.498077393,58.7406311035,
44.0182533264,-410.172210693,-13.1453542709,-66.4832382202,315.04385376,58.9806861877,
39.2769470215,-389.590637207,-3.22372317314,-66.7029037476,313.943023682,59.1672439575,
31.4058036804,-382.655944824,35.1377983093,-66.8395767212,311.876281738,60.3726119995,
29.5784835815,-377.430419922,57.4127540588,-67.0509033203,310.078796387,61.3335189819,
26.7314338684,-361.333709717,73.6196975708,-67.3316345215,308.749145508,62.2632255554,
31.2428417206,-352.227813721,70.4477920532,-67.5964279175,307.772155762,62.6239128113,
36.2799758911,-362.916534424,66.1215133667,-67.7714691162,306.467407227,62.8773918152,
42.2436904907,-376.169311523,65.4735946655,-67.9378814697,305.688537598,63.1365242004,
42.8461456299,-373.156982422,65.6922073364,-68.0294723511,304.75,63.389831543,
37.837688446,-394.712341309,88.3133392334,-68.19581604,302.492736816,64.4053649902,
36.4624023438,-391.338226318,89.0237426758,-68.2855529785,301.290771484,64.8225860596,
32.489654541,-361.870178223,80.6128463745,-68.3855514526,300.317779541,65.0268630981,
31.82239151,-364.785949707,80.9763717651,-68.2002258301,297.457824707,65.6143264771,
32.4648094177,-367.893310547,77.4244308472,-68.2446060181,296.75213623,65.5825958252,
29.8039512634,-328.50680542,65.892250061,-68.2425460815,296.340881348,65.5202484131,
31.1163082123,-305.345153809,62.8380889893,-68.3064727783,295.701721191,65.5693206787,
34.0187416077,-325.921722412,78.8793487549,-68.2822341919,294.430419922,66.0274505615,
32.9441947937,-323.422149658,88.8656311035,-68.4814910889,293.324951172,66.4702072144,
30.0474243164,-315.490325928,87.6305389404,-68.6382522583,292.542907715,66.5848083496,
21.265007019,-307.679199219,89.8848266602,-68.730178833,291.642211914,66.8878097534,
13.909444809,-341.317871094,100.819770813,-68.883682251,290.031555176,67.2806167603,
7.23117780685,-333.92376709,105.96559906,-69.0344238281,288.903259277,67.7030258179,
3.31615352631,-315.010131836,127.077758789,-69.4420547485,287.971588135,68.6784820557,
-0.445192575455,-292.789764404,145.082962036,-69.936416626,286.983886719,69.855506897,
3.75205922127,-301.198944092,148.709701538,-70.0392074585,286.126739502,70.3379516602,
3.88418364525,-283.196380615,146.125610352,-70.2383651733,285.147766113,71.0209579468,
3.23446345329,-278.327453613,181.825286865,-70.8646469116,284.24911499,72.6385650635,
2.02103686333,-301.603973389,183.2059021,-70.9426498413,282.72064209,73.4538116455,
2.62981796265,-296.435150146,175.195449829,-71.087059021,281.746826172,73.9636077881,
-3.4488055706,-287.690917969,172.085235596,-71.1472473145,280.632324219,74.774559021,
-7.69282627106,-314.749420166,180.940338135,-71.3152694702,279.334838867,75.3427047729,
-12.1580896378,-304.154846191,180.521057129,-71.4691085815,278.100860596,76.2005004883,
-16.9228496552,-327.826416016,177.182479858,-71.6418228149,276.306182861,76.6408920288,
-18.4939994812,-308.135559082,186.237121582,-72.0360794067,275.218139648,77.6457901001,
-23.1905384064,-292.57321167,199.212539673,-72.3917007446,274.282226562,78.7511367798,
-21.9416809082,-264.548217773,179.877563477,-72.5645217896,273.657531738,79.0972976685,
-18.0058002472,-257.49520874,181.058410645,-72.6136703491,272.760192871,79.7636795044,
-20.9690856934,-239.305770874,202.980682373,-73.3868942261,272.142120361,81.0823516846,
-25.1788845062,-246.681060791,206.345901489,-73.7357025146,271.068664551,81.965927124,
-35.9543037415,-246.159088135,208.905456543,-73.9201583862,269.805328369,83.2436447144,
-40.3917160034,-231.885620117,200.925354004,-74.0316848755,269.182891846,83.9401473999,
-44.0766944885,-233.598068237,205.512466431,-74.1354980469,268.375152588,84.8167877197,
-39.0980262756,-230.937789917,204.830703735,-74.3493804932,267.707214355,85.3962783813,
-39.2806091309,-239.361618042,206.383483887,-74.4537811279,266.698059082,86.0513153076,
-10.9608154297,-237.127578735,238.380249023,-74.9681472778,266.378234863,87.5761947632,
-24.4977912903,-230.103546143,229.40196228,-75.0816726685,265.616882324,88.3918838501,
-35.9198799133,-225.143447876,222.577560425,-75.275062561,264.95098877,88.9981231689,
-39.3593063354,-230.712554932,223.528594971,-75.4875335693,263.869781494,89.857170105,
-48.4571609497,-247.823379517,257.668792725,-75.6550674438,261.806671143,92.3936538696,
-54.0781593323,-241.281829834,263.381103516,-75.8356018066,261.220062256,93.3160247803,
-41.6513977051,-229.193359375,259.918426514,-75.8349685669,260.978149414,93.7079162598,
-33.2660636902,-197.201828003,229.466705322,-75.8346176147,260.842559814,93.927520752,
-25.5718688965,-203.460876465,277.024383545,-75.1723632812,260.722076416,95.2912368774,
-35.8680839539,-199.617172241,285.758056641,-74.9694900513,260.778717041,95.6768341064,
-48.12840271,-206.389007568,307.095703125,-74.9085998535,260.592193604,96.1414794922,
-48.6889801025,-188.094787598,289.885925293,-74.8650894165,260.45892334,96.4734954834,
-52.0764007568,-199.510360718,329.530853271,-74.5716171265,260.069274902,97.1619644165,
-53.3102416992,-187.893051147,321.296081543,-74.34375,260.261199951,96.647102356,
-56.9753227234,-190.391662598,329.936035156,-74.3265533447,260.139251709,96.1094055176,
-68.4465179443,-198.832839966,353.613494873,-74.3067626953,259.97253418,95.186378479,
-63.2810134888,-164.508285522,260.646911621,-74.4562301636,259.9190979,94.1510848999,
-62.2579421997,-133.470947266,244.105743408,-74.814125061,260.052703857,94.1277160645,
-70.4281692505,-161.575500488,290.006225586,-75.8246307373,259.079071045,94.4311294556,
-62.1029777527,-155.335952759,286.58001709,-76.3108215332,258.536865234,94.4670028687,
-50.080745697,-128.625640869,266.363708496,-76.5514450073,258.333618164,94.4160919189,
-42.529083252,-106.343284607,255.133132935,-76.7000198364,258.208129883,94.3846588135,
-36.530544281,-88.3391036987,228.534637451,-77.0148468018,258.084777832,94.2055435181,
-46.5868835449,-122.541175842,322.513092041,-79.0040740967,257.152252197,94.6698455811,
-43.3300895691,-138.071640015,334.845153809,-80.3789596558,255.99760437,94.8260726929,
-35.8856315613,-131.6769104,319.516357422,-81.1404647827,255.091842651,95.3991317749,
-41.5669059753,-118.365432739,289.444885254,-81.9835205078,254.289779663,96.0353393555,
-33.4740905762,-107.380332947,281.954345703,-82.9661483765,253.538772583,96.5086517334,
-26.7706375122,-111.57043457,308.271179199,-84.4061050415,252.490463257,97.5977325439,
-22.9612312317,-119.566444397,336.139099121,-85.8131484985,251.274017334,99.052520752,
-8.36680221558,-120.553459167,317.639160156,-86.6328964233,250.19732666,100.340126038,
-20.2746124268,-101.050697327,331.793334961,-87.291343689,249.519042969,101.965934753,
-29.3644733429,-76.5158081055,327.872192383,-87.3612442017,249.147979736,103.717010498,
-42.1303367615,-57.0625534058,335.503051758,-87.4778213501,248.788650513,105.646751404,
-52.6198692322,-35.0186233521,328.933044434,-87.1215515137,248.601226807,107.728317261,
-65.2057342529,-26.2204017639,337.540649414,-86.9568939209,248.102981567,109.792449951,
-77.3695449829,-13.5558404922,339.827362061,-87.2363739014,247.884231567,111.824256897,
-88.1111984253,-0.818796634674,345.722167969,-87.4307403564,247.657531738,113.589103699,
-80.4120864868,1.89526593685,334.302520752,-87.6660842896,247.333114624,115.018226624,
-79.4913787842,7.18036031723,325.070983887,-87.9887313843,247.041122437,116.307090759,
-55.5229759216,-30.2997207642,124.288513184,-88.4423065186,246.820404053,117.103858948,
-48.510848999,-23.8454875946,106.324188232,-88.7029800415,246.693557739,117.561767578,
-40.5250244141,-18.5902328491,89.1662216187,-88.8581771851,246.618041992,117.834396362,
-33.6166381836,-14.2023296356,74.897895813,-88.9641571045,246.566467285,118.020561218,
-29.3329849243,-14.0162067413,66.9265289307,-89.0448379517,246.505050659,118.261016846,
-24.6839008331,-13.7033395767,58.1642723083,-89.1087646484,246.456390381,118.451553345,
-20.3209018707,-13.3484678268,49.821346283,-89.1566467285,246.419952393,118.59425354,
-16.6583442688,-13.0398187637,43.2042198181,-89.1945037842,246.39112854,118.707092285,
-14.7388906479,-11.7865486145,34.6244049072,-89.2829971313,246.355453491,118.696105957,
-16.3724880219,-13.9255895615,23.5765151978,-89.5281448364,246.239089966,118.470123291,
-11.7625827789,-5.39240264893,4.53896999359,-89.4710769653,246.942504883,118.32207489,
4.73230075836,-25.6111831665,-24.1033096313,-89.0393295288,246.991897583,117.849899292,
19.8458957672,-26.0301265717,-58.4585533142,-88.7883987427,247.01109314,116.572883606,
39.5861206055,-20.4327945709,-125.498374939,-87.9197921753,247.914093018,114.267318726,
58.4620094299,-8.63963794708,-177.036102295,-87.7064208984,247.620407104,111.218429565,
84.5241470337,1.91811335087,-222.42640686,-86.9618835449,247.358306885,107.460113525,
135.145217896,-68.861366272,-448.568634033,-85.8272171021,247.073959351,103.535865784,
126.722396851,-28.5751247406,-467.924346924,-84.9109954834,248.138366699,100.730606079,
142.755645752,-66.0011138916,-458.828155518,-84.0629653931,247.426147461,100.328330994,
172.032608032,-66.8831558228,-660.071228027,-82.4574127197,247.032852173,98.7727279663,
145.699249268,-43.0511779785,-619.238586426,-81.0950469971,247.551544189,95.6417236328,
177.530410767,13.5790176392,-658.247009277,-80.8101348877,248.425949097,93.4106674194,
117.566864014,87.1146774292,-591.103820801,-79.0540008545,251.681137085,90.0236282349,
209.992431641,-121.462478638,-776.022277832,-75.8794631958,244.921295166,86.0809707642,
169.669036865,-141.688339233,-833.390441895,-73.7870407104,242.921005249,83.4881744385,
132.878234863,-124.49899292,-740.53338623,-72.7557678223,241.935134888,82.2102813721,
71.7914733887,-84.238571167,-709.373291016,-73.157699585,241.931655884,78.7287826538,
85.0668640137,155.070358276,-649.723266602,-72.7034072876,247.559448242,77.338760376,
81.7618713379,297.425964355,-668.37677002,-72.4909744263,251.945709229,75.0158615112,
90.2998352051,484.804473877,-701.357727051,-72.0676040649,258.200622559,73.8823699951,
166.757873535,664.95916748,-938.81463623,-71.9015350342,264.316314697,73.6790237427,
164.365005493,835.761413574,-976.296447754,-71.676612854,271.107177734,72.3692321777,
154.322250366,904.671691895,-948.810668945,-71.3682937622,276.680175781,70.6179962158,
139.52003479,945.158508301,-933.953674316,-70.6329956055,281.377380371,68.7608566284,
122.109184265,998.69342041,-898.611877441,-70.0470657349,286.558746338,67.2508926392,
116.722373962,1017.6003418,-874.942016602,-69.2461013794,290.950592041,65.0439834595,
110.065032959,1029.03674316,-848.263183594,-68.499206543,294.895141602,62.8235664368,
109.885559082,1019.00482178,-798.391052246,-67.481262207,299.124694824,60.4736633301,
93.224647522,1087.98974609,-659.207580566,-65.083946228,315.050109863,53.8384895325,
64.3586578369,1061.8425293,-559.737182617,-64.8575363159,317.997375488,53.955406189,
42.7932777405,1091.83911133,-469.094726562,-64.7395706177,322.296722412,54.49061203,
33.5110664368,1120.10351562,-414.255096436,-64.3787918091,326.408752441,54.3697242737,
39.7311439514,1059.37792969,-338.483581543,-63.8052139282,329.87878418,54.3254013062,
7.07956647873,1106.48156738,-291.348388672,-63.4262619019,333.806091309,54.5598564148,
1.58469128609,1079.0682373,-240.685150146,-63.2245254517,337.770080566,54.6639289856,
15.1470851898,995.322998047,-180.02041626,-62.750202179,341.433532715,54.8058891296,
19.6529216766,978.045837402,-115.059379578,-62.9483795166,346.145568848,55.4581069946,
14.3319005966,870.736999512,-79.5113525391,-62.7716598511,349.669616699,55.7001876831,
6.98522090912,887.650939941,-49.1611785889,-62.46326828,353.211914062,56.080909729,
-11.3239097595,913.350646973,-29.8967247009,-62.1878509521,355.649139404,56.5364265442,
-39.9362373352,925.922302246,-2.02596187592,-62.1830215454,359.037384033,57.1875953674,
-49.0070724487,900.467041016,30.6978721619,-61.9362564087,362.593048096,57.9873809814,
-55.7624435425,809.748962402,44.6688995361,-61.7411766052,364.464630127,58.2859725952,
-50.7444801331,720.120849609,76.1261749268,-61.3811683655,366.356536865,59.2789535522,
-49.0246315002,577.956604004,61.2148017883,-61.1781768799,368.286437988,59.5941696167,
-73.6346130371,617.870178223,77.1477661133,-61.0438766479,370.333984375,59.732460022,
-79.8743286133,623.908203125,97.2351150513,-60.9611053467,372.105865479,60.0520706177,
-86.562171936,571.88458252,111.730712891,-60.9849243164,374.39239502,61.0063972473,
-100.586143494,562.07019043,123.781333923,-61.0310592651,377.388885498,62.0176773071,
-99.9133148193,496.879699707,121.337867737,-60.9850540161,379.65057373,62.9789657593,
-100.783447266,496.939331055,133.442550659,-60.8042030334,381.275970459,63.5523643494,
-95.9317932129,530.378662109,141.648956299,-60.8379173279,382.671020508,63.5129547119,
-63.9762840271,582.540283203,164.148010254,-60.937587738,385.033721924,63.7412796021,
-65.1190490723,467.789581299,180.416381836,-60.6167182922,386.276062012,65.7013397217,
-50.1089401245,483.404663086,227.277496338,-60.7099609375,387.291595459,66.9676742554,
-91.9282073975,580.880737305,307.913848877,-61.1642341614,388.41317749,68.2952041626,
-103.416007996,550.841796875,313.242614746,-61.4231948853,389.075195312,69.1229476929,
-99.0726470947,522.064941406,311.003417969,-61.6005744934,389.878173828,69.7479629517,
-106.740257263,502.556427002,322.57208252,-61.8300170898,390.784057617,70.6040267944,
-105.817138672,492.598419189,346.251495361,-62.021156311,391.587554932,71.5706100464,
-97.4741363525,431.019073486,348.494476318,-62.2186508179,392.489807129,73.4326705933,
-97.4999694824,393.409088135,370.934326172,-62.4199829102,393.343688965,75.6409988403,
-93.8301391602,378.539703369,373.992462158,-62.5361213684,394.045043945,76.7755661011,
-68.6667785645,304.325408936,321.323730469,-62.502822876,394.494689941,77.8653869629,
-33.8839797974,267.058624268,268.50012207,-62.7686920166,395.363739014,78.3722000122,
-26.9723167419,259.527679443,254.605194092,-63.1791229248,396.173583984,78.9235687256,
-34.3546295166,213.985992432,231.241210938,-63.3105010986,396.173797607,79.5938873291,
-26.7576236725,217.827682495,261.646850586,-63.5264930725,396.388763428,80.6725540161,
-58.0767707825,293.580963135,356.526245117,-63.8412666321,397.470184326,82.0962219238,
286.486663818,-499.418945312,-187.978591919,-64.0244140625,398.054168701,82.968711853,
345.047393799,-853.098754883,-159.80569458,-64.4755096436,398.333221436,84.7250442505,
451.221954346,-1450.26086426,6.93883657455,-64.6821594238,398.439361572,84.8096313477,
374.232543945,-1521.61621094,267.29397583,-64.9638748169,398.442169189,85.3152542114,
275.646881104,-1327.84460449,425.356109619,-65.2249984741,398.602600098,86.1156845093,
186.911239624,-1091.92907715,470.925323486,-65.3715286255,398.098144531,86.7444000244,
73.1246032715,-710.325439453,467.156402588,-65.3217697144,397.850494385,89.2803039551,
81.4366912842,-563.544372559,448.664306641,-65.3165893555,397.070800781,90.5612945557,
80.1734085083,-435.621398926,389.643463135,-65.4585723877,396.847320557,91.2079467773,
71.7632751465,-332.734130859,324.357879639,-65.7863006592,396.709686279,91.6345596313,
52.7624511719,-252.967208862,254.772186279,-66.0062103271,396.884033203,91.7097091675,
27.9864444733,-321.599945068,380.8387146,-66.4273071289,397.077697754,91.5645065308,
33.6323242188,-305.409820557,404.569396973,-66.8760604858,397.465606689,90.6456451416,
-92.0875091553,-49.5944976807,-121.693435669,-67.3399200439,397.691802979,90.0676193237,
-41.7611236572,-2.01706027985,-81.0137023926,-67.5151824951,398.431762695,90.234375,
200.084564209,-338.883758545,225.53944397,-67.4864273071,401.337860107,94.3059921265,
110.851249695,-166.538070679,245.283920288,-67.4706573486,402.932250977,96.5398864746,
69.7096786499,-153.831283569,225.975616455,-67.5989685059,402.884216309,97.2854003906,
45.7790908813,-131.213943481,192.063491821,-67.6525421143,402.826965332,97.6233825684,
25.8152561188,-111.862541199,164.913818359,-67.7427215576,402.665435791,98.0196380615,
28.7105541229,-103.978378296,130.210586548,-67.5727462769,402.309783936,97.9892883301,
28.8932533264,-114.491996765,84.7920837402,-66.6037597656,401.290252686,97.1561660767,
30.3280849457,-165.320404053,40.3980865479,-66.0173187256,400.033081055,95.5594482422,
65.3550567627,-161.101272583,-18.9003105164,-65.4992370605,399.918579102,93.3035430908,
23.8205051422,-99.9888153076,-321.088317871,-65.4015197754,400.134246826,90.5451431274,
14.82117939,-97.3711166382,-260.142700195,-65.1890945435,399.698974609,90.2758331299,
14.6559314728,-38.3570785522,-75.4389648438,-64.4766769409,400.317474365,89.3720932007,
44.3635940552,61.4740867615,-177.399291992,-63.0052680969,403.205444336,85.2355880737,
414.25769043,-718.439025879,-1257.66394043,-62.6032371521,403.433197021,80.6334991455,
454.115814209,-1098.43615723,-1239.85900879,-62.1146202087,405.257049561,77.9283981323,
386.852111816,-1284.89453125,-1027.01049805,-61.8438568115,403.97555542,75.1623458862,
233.585876465,-1425.9342041,-853.794006348,-61.7716293335,401.958251953,71.3204803467,
73.7810440063,-1351.4954834,-643.788024902,-62.1611061096,399.890319824,68.8031768799,
34.0126533508,-1279.50268555,-509.416717529,-61.8452568054,397.763916016,65.767288208,
-97.8558044434,-521.005615234,-762.920654297,-61.9431266785,395.357452393,64.1881713867,
-49.6471328735,-698.041503906,-781.380981445,-61.9913749695,391.101348877,62.534286499,
20.3718223572,-670.816833496,-660.899963379,-62.0003509521,388.350372314,61.6355018616,
47.4351043701,-688.200744629,-590.74810791,-62.1374435425,385.060119629,60.4267616272,
279.627990723,-902.829956055,-289.560302734,-63.780128479,378.401489258,68.1475067139,
201.476882935,277.952789307,-1302.13696289,-63.771156311,375.081542969,69.7037887573,
82.5868301392,627.921875,-1195.94384766,-64.075302124,373.551483154,69.9474182129,
-32.5949134827,721.740966797,-980.393981934,-64.2608795166,371.071807861,69.7423095703,
-121.131874084,637.452636719,-757.490600586,-64.2732467651,367.441833496,69.7585372925,
-140.610519409,498.449401855,-586.649414062,-64.1678390503,364.552093506,69.2694015503,
-135.962753296,304.682830811,-484.641540527,-64.1737670898,361.656860352,68.0450057983,
-101.604919434,68.716468811,-416.416656494,-64.2250671387,358.712768555,67.0109176636,
-77.3199234009,-71.7387619019,-348.336639404,-64.3791503906,355.958587646,66.2422790527,
-26.911190033,-268.516540527,-302.853210449,-64.4224777222,353.154541016,65.6076049805,
-24.2919139862,-299.777404785,-269.672576904,-64.4516525269,350.776702881,64.5747070312,
-10.2142162323,-397.116973877,-234.160552979,-64.4661254883,347.934692383,64.0135726929,
-13.9969472885,-397.285736084,-205.610458374,-64.3180770874,345.018951416,63.2308502197,
1.26904582977,-456.949707031,-188.738494873,-64.2241592407,342.294403076,62.4024391174,
-2.71031403542,-457.692077637,-156.498886108,-64.1701889038,339.241485596,62.0597610474,
-2.64439702034,-464.370941162,-129.635223389,-63.9729614258,335.554168701,61.705783844,
2.77296543121,-492.327697754,-88.9127960205,-63.988445282,332.368377686,62.0976028442,
16.783416748,-503.079589844,-91.6982040405,-63.9655303955,330.122680664,61.4569244385,
22.0028114319,-481.334381104,-66.2385940552,-64.1462402344,328.614990234,61.6592407227,
21.146396637,-514.985656738,-38.1773872375,-64.0974197388,326.066802979,62.1934776306,
27.761138916,-540.645690918,-29.6396789551,-64.051651001,323.91217041,62.1573829651,
24.1395759583,-478.579467773,-27.4978981018,-64.0996170044,322.348297119,61.9634437561,
11.4955453873,-428.391052246,-26.221118927,-64.1313934326,320.196716309,61.8180122375,
3.5733923912,-389.511383057,-14.0423717499,-64.0392837524,318.088317871,62.0245399475,
1.56869411469,-361.719055176,19.0199775696,-64.3224716187,316.707122803,63.0035247803,
5.58952617645,-374.855621338,17.616350174,-64.3030395508,314.400421143,63.1634635925,
12.8050041199,-360.511413574,15.2990589142,-64.4456634521,312.817901611,63.1344451904,
14.579577446,-353.251342773,15.7599201202,-64.5452804565,311.27166748,63.1510887146,
11.8632125854,-331.128540039,13.8815288544,-64.5613174438,309.879760742,63.1719360352,
10.7329978943,-323.19128418,23.9973011017,-64.6625289917,308.700653076,63.5220031738,
14.8744821548,-321.913391113,33.3399467468,-64.7761077881,307.500946045,63.8444404602,
15.5387954712,-310.850189209,40.2493171692,-64.9109344482,306.450378418,64.1600494385,
13.3437538147,-312.610351562,48.1754837036,-64.9682235718,304.919219971,64.6068191528,
16.047958374,-315.093231201,39.5410575867,-65.1180953979,303.486175537,64.5204086304,
18.0276355743,-321.258056641,31.3047046661,-65.2422103882,302.085632324,64.327911377,
15.1570444107,-309.743133545,26.08203125,-65.2103271484,300.934234619,64.2301483154,
13.4891119003,-302.489776611,24.6000843048,-65.1878662109,299.794281006,64.1786651611,
15.1832284927,-286.525787354,24.4996509552,-65.2004394531,298.965240479,64.1187973022,
19.5071353912,-299.923095703,39.7086677551,-65.2760543823,298.04083252,64.3876495361,
24.0910720825,-316.394470215,54.1754760742,-65.307220459,296.908416748,64.6896286011,
25.6973495483,-309.982574463,65.4137802124,-65.3399047852,296.12109375,65.029586792,
17.525970459,-333.928588867,93.7367324829,-65.1704177856,294.574584961,66.0282516479,
20.8457870483,-337.394256592,103.11038208,-65.1935348511,293.223236084,66.5905914307,
24.4786319733,-327.828430176,111.147926331,-65.4227142334,292.335479736,67.045249939,
21.9207229614,-296.212097168,108.616264343,-65.6164779663,291.327697754,67.5713500977,
20.949382782,-274.048614502,104.149230957,-65.8646316528,290.342895508,67.9893875122,
11.0097808838,-280.673736572,106.461868286,-66.5066604614,287.569732666,68.8554077148,
4.88833808899,-278.661621094,105.499290466,-66.7012329102,286.749389648,68.9611740112,
-8.41649055481,-295.082366943,117.816062927,-66.9875640869,285.659912109,69.340675354,
-20.1213150024,-284.665527344,123.582336426,-67.3533859253,284.213684082,70.1470870972,
-27.971944809,-294.189727783,137.311538696,-67.7439804077,282.957366943,70.9097137451,
-28.0261802673,-268.215087891,129.061309814,-68.08543396,282.347290039,71.2080535889,
-21.4902248383,-258.891204834,134.819030762,-68.5011672974,281.619506836,71.6909332275,
-17.5489425659,-260.949615479,142.504730225,-68.6226959229,280.826934814,72.2120666504,
-17.1207561493,-286.986846924,161.084136963,-68.8472518921,279.503814697,72.8760910034,
-22.3189220428,-287.951629639,183.122955322,-69.1621322632,278.301727295,74.1210174561,
-26.0256462097,-297.313323975,186.501647949,-69.2373046875,276.998901367,74.8765869141,
-20.6970481873,-308.381469727,176.685836792,-69.3255844116,275.862091064,74.8672714233,
-24.1531581879,-281.186798096,184.039871216,-69.6089172363,274.919586182,75.9845962524,
-29.6046047211,-253.842758179,189.427001953,-69.8664703369,274.12512207,77.2067489624,
-25.8794841766,-233.93989563,169.64225769,-70.0965652466,273.365844727,77.5495986938,
-17.2481479645,-225.222869873,175.516342163,-70.2544326782,272.656890869,78.2276229858,
-17.284570694,-216.094177246,172.618743896,-70.4895477295,272.008239746,78.7738952637,
4.53414440155,-245.427978516,206.388977051,-70.74584198,271.096496582,79.3368530273,
-1.47399187088,-234.947937012,198.36656189,-70.8966064453,270.091278076,80.0966873169,
-8.10892677307,-223.232406616,186.613357544,-71.0077133179,269.041412354,80.8292770386,
-12.5120840073,-211.568450928,186.215545654,-71.2422027588,268.085845947,81.7812805176,
-14.0328807831,-216.599136353,185.551452637,-71.3181762695,267.178070068,82.2433624268,
-23.6979408264,-205.93421936,185.646514893,-71.5659790039,266.404663086,83.0643539429,
-26.8953075409,-201.783325195,187.611083984,-71.6704330444,265.68182373,83.7555770874,
-24.2710819244,-203.342529297,193.538772583,-71.8535614014,264.637878418,84.6281967163,
3.60725212097,-287.695007324,195.440048218,-71.6776504517,261.754821777,84.7802352905,
-26.7946205139,-288.358703613,218.126846313,-71.4871902466,259.9480896,85.8854675293,
-23.5234775543,-249.813796997,206.330352783,-71.5525283813,259.074493408,86.6827926636,
-28.2078590393,-192.726745605,195.814529419,-71.7282791138,258.843353271,87.9365692139,
-12.4719295502,-171.086639404,210.499099731,-72.1054077148,258.615112305,89.1544189453,
-19.9581508636,-166.373580933,199.579727173,-72.2282867432,258.027191162,89.6877975464,
-28.7732067108,-158.769851685,193.527618408,-72.4564361572,257.557678223,90.2934112549,
-23.7488327026,-171.677062988,204.71232605,-72.3879852295,256.571655273,91.2597885132,
-26.7511634827,-164.964050293,214.577575684,-72.4860992432,255.946121216,92.472869873,
-51.0049819946,-110.517852783,231.116851807,-73.1503372192,256.734039307,94.3311767578,
-57.5145721436,-97.6428909302,208.938949585,-73.8397903442,256.784576416,94.8483352661,
-41.4058990479,-87.0593261719,168.821350098,-73.8263244629,256.57989502,94.9384078979,
-35.1813583374,-99.9416427612,164.438598633,-74.0830993652,256.042419434,95.2038650513,
-35.0950698853,-108.119232178,169.161773682,-74.2753219604,255.640060425,95.40259552,
-30.2253799438,-104.405685425,165.420883179,-74.4016418457,255.375656128,95.5331878662,
-26.5316238403,-98.6553573608,166.792816162,-74.4585800171,255.247009277,95.6093292236,
-7.48031282425,-56.7747535706,92.6819152832,-74.5000839233,255.153213501,95.6648406982,
-32.1023674011,-113.876289368,118.320762634,-74.3271026611,254.014480591,95.1453475952,
-52.8600234985,-174.493362427,164.457351685,-73.4498748779,252.546051025,94.82056427,
-13.3325452805,-187.322097778,233.907775879,-72.5277938843,251.612701416,95.4758682251,
-55.1190986633,-204.931381226,289.381134033,-69.0712356567,251.071884155,96.2072067261,
-49.4586753845,-159.708175659,259.311737061,-68.3060379028,250.148651123,96.8466033936,
-13.6118354797,-265.018798828,240.179946899,-68.7959747314,245.65725708,97.0488052368,
158.421829224,-461.127532959,187.272674561,-68.9295196533,236.194458008,95.8244781494,
70.7781219482,-472.51071167,342.071411133,-68.9808807373,233.313095093,94.6787185669,
6.61684417725,-369.695831299,245.667388916,-69.1458511353,232.56036377,95.0823440552,
2.52075624466,-270.461029053,204.280151367,-69.5490722656,232.619857788,95.4405822754,
269.448150635,-168.396789551,196.74331665,-71.2659072876,231.024749756,96.6238021851,
255.626846313,-146.565841675,282.517547607,-72.3444747925,229.76902771,98.2833099365,
246.546875,-110.020874023,231.085968018,-73.2450408936,228.646057129,99.4430847168,
137.549514771,-120.004440308,206.705535889,-73.7453231812,227.686294556,100.43598175,
61.9519119263,-187.750961304,231.386901855,-74.7003479004,224.771514893,101.916305542,
63.6440925598,-220.218139648,105.757911682,-74.7676773071,221.693756104,103.314155579,
-3.15023636818,-157.149017334,172.992019653,-75.3979034424,222.678146362,104.348526001,
-31.6501750946,-94.0668334961,222.602371216,-76.2468414307,223.825576782,105.97467041,
-43.4070472717,-21.6264724731,296.288146973,-77.5504302979,225.488327026,108.57623291,
9.75636100769,53.8539276123,391.578094482,-78.1748352051,227.467224121,110.906990051,
23.8756828308,79.7843399048,582.209655762,-78.596244812,228.354660034,112.853111267,
-35.2588996887,59.9025878906,490.461761475,-79.4601516724,228.338134766,115.404533386,
-63.7275772095,33.0334854126,483.791442871,-79.8906478882,228.220901489,117.024894714,
-113.824790955,23.1838359833,515.516113281,-80.3448791504,228.449615479,119.051841736,
-89.9693603516,57.6432723999,162.612472534,-80.8204574585,228.992370605,119.923118591,
-68.9189834595,23.2405509949,143.545166016,-80.6187896729,229.432662964,120.945510864,
-61.3170547485,-9.8501663208,108.7709198,-80.4515838623,229.272399902,121.620559692,
-46.2289237976,-16.5097980499,69.3179397583,-80.7753829956,229.246032715,121.884719849,
-31.9750804901,-20.0430488586,39.184173584,-80.7848815918,229.187667847,121.92905426,
-21.4309215546,-33.3321304321,-2.8593070507,-81.2126464844,228.800460815,121.21736908,
-3.81799149513,-51.1378593445,-75.0891036987,-81.4766540527,228.387115479,119.5154953,
-73.1756668091,57.7281990051,-241.832046509,-80.6134185791,230.721206665,117.450317383,
-73.3716201782,110.39087677,-455.574798584,-79.3763504028,232.839355469,114.125244141,
-36.0027999878,164.744659424,-580.205444336,-77.7865524292,235.260864258,110.432617188,
306.235717773,-69.19506073,-805.582885742,-75.254119873,230.081054688,104.896690369,
492.830718994,-109.458610535,-1227.09204102,-72.7528610229,225.153900146,98.2700958252,
499.027374268,-86.5333938599,-1104.35510254,-70.1712112427,224.299057007,92.1092071533,
434.868560791,-55.2265663147,-936.003356934,-67.7228393555,224.79888916,87.8704376221,
383.66583252,105.531158447,-1030.02307129,-66.9958114624,228.259063721,83.9549713135,
209.25982666,381.398040771,-1166.9753418,-67.2434463501,235.301574707,81.3098449707,
80.4559326172,638.596923828,-1248.51843262,-67.5972824097,242.804428101,78.4275283813,
83.0998764038,908.662658691,-1301.41210938,-67.5793991089,251.455841064,75.3323516846,
28.4582004547,1120.8503418,-1297.45593262,-67.9409408569,259.667877197,73.0702972412,
8.13683128357,1321.51098633,-1247.33862305,-68.127166748,268.162811279,71.4138336182,
-43.5796356201,1434.44726562,-1186.96142578,-68.3930587769,276.134307861,69.0250701904,
-99.5885772705,1521.97253418,-1105.21728516,-68.5853424072,284.528411865,66.88621521,
-148.768600464,1598.22253418,-1041.5279541,-68.7601242065,291.792266846,64.7397079468,
-167.465164185,1615.78417969,-922.575500488,-68.9828643799,299.177734375,62.9959487915,
-185.248077393,1602.81298828,-815.157592773,-69.1615753174,305.946960449,61.2084541321,
-236.677078247,1565.59301758,-693.315551758,-69.4561309814,312.844238281,60.3445587158,
-310.494995117,1578.29589844,-615.846618652,-69.6431655884,319.852172852,59.2807006836,
-396.068664551,1632.43041992,-531.664489746,-69.7678527832,326.592193604,58.7178916931,
-418.088409424,1745.74914551,-426.215881348,-69.9605102539,333.304718018,58.5204963684,
-397.257476807,1624.38232422,-314.774658203,-70.5512008667,339.233184814,58.3294563293,
-372.526641846,1565.02441406,-213.609008789,-70.7626495361,344.524230957,58.3348846436,
-366.705718994,1517.16711426,-92.583946228,-70.7832641602,349.48928833,59.1796455383,
-313.699005127,1478.49279785,21.6545581818,-71.2725753784,355.159057617,60.5492630005,
-279.99407959,1424.98193359,122.608963013,-71.5665588379,360.042205811,61.8529052734,
-249.865951538,1290.97705078,190.551345825,-72.0081176758,364.482543945,63.8498687744,
-252.758605957,1357.29638672,262.488616943,-72.0600357056,369.95791626,64.2088012695,
-247.672012329,1433.03930664,372.101531982,-72.0731658936,374.893188477,64.6443405151,
-244.905334473,1287.20129395,395.196350098,-72.3644866943,378.762634277,65.8842468262,
-265.913452148,1153.76660156,422.953399658,-72.57447052,381.804870605,67.018699646,
-257.950683594,1105.61828613,460.106140137,-72.8617477417,386.588531494,68.4194030762,
-231.478561401,987.383544922,445.595550537,-73.2984237671,390.078918457,69.65599823,
-210.062911987,849.574584961,388.32723999,-73.8282928467,393.184051514,70.5156326294,
-189.909103394,718.454345703,354.270812988,-74.2238388062,395.16506958,71.4187469482,
-219.655319214,729.729614258,436.206512451,-73.8668212891,397.426208496,71.4742965698,
254.006149292,-154.744949341,-171.686187744,-74.299949646,399.941802979,72.6194076538,
-179.880065918,408.903808594,209.440795898,-74.2708282471,400.437438965,72.6145477295,
-209.590881348,352.356567383,298.123535156,-74.3756332397,401.576416016,75.4251327515,
-248.158111572,335.739685059,485.835723877,-74.1844482422,400.384490967,77.9639511108,
-252.786865234,355.613067627,619.689025879,-74.3176574707,402.465911865,83.0530853271,
-264.771362305,264.769195557,526.227539062,-75.238861084,403.412567139,85.0093078613,
218.347640991,-400.25579834,-172.817932129,-74.8247756958,405.354797363,84.8332290649,
-113.211807251,233.576782227,150.351669312,-74.6656265259,406.882659912,82.7499465942,
-126.494682312,133.375411987,1.58707857132,-74.7448120117,407.706268311,82.0359725952,
-125.569885254,82.6971893311,-59.2150192261,-74.9552841187,408.406799316,81.5688858032,
-112.319480896,52.0622215271,-77.8715744019,-75.0808944702,408.824859619,81.2901306152,
-86.2586135864,33.6438598633,-69.9769058228,-74.9036941528,409.049835205,81.3017501831,
-26.0841732025,88.5434036255,3.53431963921,-73.5858001709,410.18862915,81.7477798462,
95.5277328491,179.499908447,124.860687256,-71.2463378906,411.883422852,83.1848220825,
128.907791138,189.250854492,155.477874756,-70.0554656982,412.746154785,83.9163360596,
65.9011230469,341.609161377,391.719787598,-69.2634735107,419.236938477,88.955406189,
-26.9457206726,268.441894531,139.49671936,-69.4162979126,421.548492432,90.3776550293,
24.4860210419,295.387512207,332.668273926,-70.1956253052,422.771789551,92.0179290771,
16.8719749451,233.337020874,260.368469238,-70.571685791,423.362091064,92.8094406128,
21.3416519165,171.739273071,184.496185303,-70.8284606934,423.556915283,93.194770813,
21.0540618896,126.717384338,132.341384888,-70.9771194458,423.669708252,93.4178543091,
47.9442214966,51.6745491028,73.7375335693,-71.5442504883,422.711975098,94.0431518555,
59.2195281982,8.30806922913,38.7828788757,-71.9469604492,422.031951904,94.4871673584,
80.5285186768,-9.66411781311,49.4882049561,-71.8770065308,421.192657471,94.8255157471,
76.3494186401,-16.5801353455,60.0838432312,-71.9688110352,420.53503418,95.043548584,
47.1340065002,-40.995677948,61.4068489075,-71.9375839233,419.535736084,95.4030990601,
14.8417615891,-97.0099029541,23.9216041565,-71.7262954712,417.95602417,95.7311325073,
-59.2416610718,-102.138290405,81.9953765869,-71.5899581909,416.168701172,95.4691009521,
46.6741142273,-31.4927616119,11.0016832352,-71.7593460083,414.906921387,95.7965927124,
46.9261398315,-5.51837205887,5.23501682281,-71.8507385254,414.226135254,95.9732894897,
41.2891731262,5.75788164139,3.13052463531,-71.9015808105,413.847412109,96.0715866089,
34.5537834167,10.4509325027,2.27765417099,-71.934211731,413.604278564,96.1346893311,
28.3837585449,12.0410871506,1.91990447044,-71.9573440552,413.431976318,96.1794128418,
23.1546192169,12.1443605423,1.77237462997,-71.9749679565,413.300689697,96.2134780884,
18.8370838165,10.5097036362,3.55488610268,-71.9890823364,413.195587158,96.2407608032,
-16.08685112,-125.479721069,-49.9918823242,-74.072265625,412.029541016,92.5917434692,
-290.993347168,-226.756622314,-641.28692627,-76.4221420288,411.889160156,86.2339401245,
-354.163146973,-237.730926514,-676.52166748,-77.8186569214,412.286560059,82.9937591553,
-340.261962891,-221.33380127,-591.74798584,-78.3542556763,412.208068848,81.2701644897,
-390.725524902,-305.08392334,-538.550476074,-78.8564682007,410.431396484,80.0377502441,
-192.08821106,-347.32421875,-481.07321167,-78.3874053955,406.855133057,79.6338729858,
-108.412773132,-290.527313232,-412.0730896,-78.56980896,406.295349121,79.3415145874,
-78.3413925171,-239.440338135,-346.081390381,-78.8076171875,406.246856689,79.2382659912,
-157.402587891,-98.7179107666,-173.979858398,-79.4340209961,407.850128174,79.0531616211,
-195.410629272,-29.9171695709,-78.564666748,-79.9237442017,408.983795166,78.9175949097,
-241.960693359,76.7570419312,64.9372253418,-80.4402999878,411.147735596,79.2286300659,
-232.96005249,114.184417725,124.564064026,-80.7322158813,412.370574951,79.4044036865,
-138.565872192,49.2088699341,31.6074028015,-81.0461273193,411.562835693,79.307800293,
-71.1932830811,4.41415405273,-28.4563560486,-81.3484725952,410.784851074,79.2147521973,
-32.6329956055,-15.975112915,-51.0659828186,-81.5394973755,410.293304443,79.1559677124,
-12.8569583893,-32.9222946167,-64.7423553467,-81.7791137695,409.792266846,79.0661849976,
-72.5793151855,-68.5135498047,-69.4266357422,-81.7685546875,409.607452393,78.9188613892,
-175.457443237,-113.809783936,-105.00769043,-81.7300796509,410.725036621,78.9448242188,
-247.324264526,-141.571960449,-111.72883606,-82.087677002,411.734344482,79.0616378784,
-246.885665894,-143.809173584,-114.68447876,-82.4090957642,412.590881348,79.3367462158,
-417.106231689,-151.139938354,-40.5406761169,-83.1296463013,415.677062988,80.0057525635,
-429.13394165,-143.642227173,-4.02171802521,-83.5232925415,417.363098145,80.3712463379,
-388.584075928,-188.497329712,-14.602519989,-84.1418380737,417.227264404,80.9733657837,
-273.64050293,-210.405059814,-56.5609016418,-84.0971069336,416.407470703,81.482925415,
-233.668640137,-342.677215576,-128.616897583,-84.3378067017,414.319671631,81.7148666382,
-201.952865601,-422.539154053,-154.825836182,-84.3590621948,412.420684814,81.9313583374,
-223.377044678,-436.407623291,-123.398391724,-85.1641998291,410.821838379,81.9537200928,
-210.763839722,-284.096313477,-0.961094617844,-85.397857666,410.744567871,82.5414810181,
-191.520263672,358.605682373,708.249084473,-88.0511245728,412.941467285,89.2146224976,
93.0601577759,324.0753479,454.123016357,-88.193321228,410.556884766,90.6435775757,
1827.66931152,-44.4179763794,-221.760437012,-88.9381637573,408.359069824,101.31338501,
729.032104492,92.231628418,346.96963501,-86.2864761353,408.812011719,104.481826782,
617.798278809,181.40965271,41.0386238098,-83.7731399536,408.027648926,105.483230591,
570.192138672,372.344451904,11.6696453094,-84.1806411743,408.345092773,105.785133362,
90.9292984009,773.887390137,-419.541625977,-85.5623016357,409.603363037,103.828453064,
-151.473144531,717.047607422,-442.528381348,-85.5563354492,408.18347168,104.778259277,
-456.624969482,697.063476562,-461.453216553,-85.3189086914,406.0496521,105.404029846,
-501.902038574,585.997497559,-475.183502197,-83.9659729004,406.686706543,103.971092224,
-467.650024414,458.445861816,-460.134094238,-82.3752670288,406.587341309,102.161010742,
-390.044067383,311.012054443,-436.551483154,-81.2585525513,403.718780518,99.1740570068,
-304.425262451,224.542358398,-402.335845947,-80.479637146,402.141265869,96.6997756958,
-275.119049072,93.6335372925,-410.58102417,-79.5185852051,400.11730957,94.4383773804,
-250.746017456,33.8568344116,-443.26449585,-78.8985366821,399.427215576,91.5080413818,
-78.3426437378,-190.105667114,-472.716705322,-78.0966567993,397.345336914,88.6066513062,
-86.7451934814,-280.173339844,-426.384307861,-77.5257797241,394.660491943,87.4320068359,
-13.3519773483,-390.463226318,-459.609313965,-76.5870132446,392.815734863,84.4334869385,
-25.4915313721,-402.14743042,-439.213623047,-76.4237518311,391.636077881,82.727645874,
49.4111633301,-531.001525879,-591.890075684,-76.3908538818,384.321929932,82.6603927612,
104.927368164,-674.195617676,-633.274353027,-75.6016159058,378.529541016,81.2925567627,
88.5668106079,-651.867248535,-606.258056641,-74.9136734009,373.981658936,79.5733184814,
82.2658538818,-651.023803711,-529.541137695,-74.2388458252,369.402008057,78.3215713501,
66.6971740723,-582.873474121,-484.481689453,-73.6399688721,366.022155762,76.3714675903,
68.1953735352,-588.76171875,-448.075775146,-73.0653610229,362.620513916,74.335395813,
64.725982666,-603.14263916,-394.400848389,-72.508140564,358.95123291,72.9648971558,
71.3965606689,-635.386657715,-340.07510376,-72.2683563232,356.031494141,71.9107818604,
83.8635864258,-693.357727051,-293.534423828,-72.1615829468,353.311767578,70.8566818237,
93.463508606,-729.426147461,-233.487915039,-71.8111495972,350.048614502,70.3591156006,
96.2399902344,-733.78125,-188.10748291,-71.5351028442,346.441619873,69.9395217896,
91.7370529175,-721.337524414,-144.234420776,-71.5163574219,343.386962891,69.6824188232,
84.1004943848,-721.813110352,-113.640357971,-71.4640274048,340.137023926,69.2388000488,
67.2252960205,-725.731079102,-76.8992080688,-71.5050048828,337.065429688,69.2294616699,
63.1787147522,-747.189575195,-64.932144165,-71.4198760986,334.153045654,68.485748291,
56.8663253784,-785.544006348,-39.7561759949,-71.2997360229,330.862945557,68.1358413696,
43.2216339111,-758.069396973,-24.5379924774,-71.3356399536,328.350311279,67.7368469238,
34.4768333435,-726.676269531,9.01364326477,-71.5372161865,325.548522949,67.994682312,
26.1582107544,-733.376220703,31.1042385101,-71.7470855713,322.503509521,67.9643096924,
14.4749965668,-693.548461914,58.4111862183,-71.9486999512,320.189117432,68.4266433716,
7.46921491623,-657.557434082,91.0215606689,-72.3384780884,317.218566895,69.4206542969,
3.27236294746,-643.782104492,119.85068512,-72.4885864258,314.58404541,70.3015518188,
-0.545258939266,-632.854309082,151.150634766,-72.7169799805,311.558685303,71.5198440552,
9.73459148407,-627.168334961,172.789794922,-72.9526824951,308.432037354,72.5199661255,
4.29875993729,-612.850952148,198.344482422,-73.2504348755,306.884155273,73.3385009766,
2.59527921677,-558.524658203,196.751037598,-73.4604721069,306.018218994,73.6882781982,
-5.63653612137,-602.288208008,221.02545166,-73.6172943115,303.869018555,74.0966262817,
-32.2548141479,-567.423583984,266.794891357,-73.736328125,302.10345459,76.5271530151,
-33.1806335449,-572.695251465,271.754364014,-74.0040664673,299.965301514,77.249786377,
-32.8774185181,-586.633972168,276.938781738,-74.3827819824,297.497131348,77.8391723633,
-52.3309440613,-611.725891113,272.589294434,-74.4149398804,293.993713379,78.6964645386,
-53.3786010742,-589.132019043,278.355712891,-74.8777084351,291.889923096,79.399230957,
-52.474647522,-563.58215332,295.694946289,-75.560218811,290.192321777,80.2335128784,
-65.8790130615,-531.148010254,333.51663208,-76.2441177368,288.670410156,82.1318817139,
-69.5225219727,-526.114379883,385.298034668,-77.0398178101,286.979949951,84.1518630981,
-57.5177841187,-519.750488281,415.531219482,-77.7721176147,285.548065186,85.3778839111,
-66.8263702393,-477.463348389,407.454040527,-78.4436035156,284.099731445,86.9695205688,
-79.4459915161,-432.564575195,389.726501465,-78.8494415283,282.957214355,88.4328155518,
-73.6147613525,-415.479064941,366.897003174,-79.3362426758,281.270690918,89.3131713867,
-71.9797363281,-416.736175537,348.789611816,-79.8468322754,278.978515625,90.2798690796,
-73.6619567871,-343.654205322,352.753265381,-81.2777404785,278.403106689,92.2996444702,
-62.1399345398,-318.715942383,359.070281982,-81.8320007324,277.710266113,93.4930038452,
-50.2601318359,-359.140441895,380.268493652,-81.7659759521,275.7421875,94.4151992798,
-52.8632011414,-316.80581665,302.977081299,-81.7285690308,274.62713623,94.9376983643,
-58.0202064514,-343.80770874,301.754119873,-81.8378295898,273.240325928,94.3093338013,
-73.6300048828,-382.345581055,337.971923828,-81.6260375977,271.962310791,93.4019165039,
-71.1867446899,-419.895446777,370.197021484,-83.2615966797,269.789825439,92.5439376831,
-114.441810608,-443.632354736,440.988311768,-86.1843643188,267.782073975,92.3219985962,
-98.9924468994,-363.372833252,400.028686523,-85.4073028564,267.666137695,92.2010803223,
-92.5158004761,-357.769195557,423.427581787,-85.0608596802,265.486022949,94.3785934448,
-131.584457397,-340.098114014,404.800720215,-85.8461608887,263.354858398,96.3966903687,
-146.68258667,-326.344696045,387.311981201,-87.2600097656,261.336761475,97.8238067627,
-26.2645263672,-458.107116699,353.416870117,-86.56199646,254.632736206,98.0015792847,
154.20942688,-452.563659668,422.397003174,-87.4854049683,250.967544556,99.7367706299,
194.087371826,-426.243804932,536.925964355,-88.7724456787,248.501312256,100.990615845,
-0.330809533596,-337.358276367,435.333068848,-89.3208694458,248.909896851,102.092826843,
29.8872833252,-204.266525269,340.181854248,-89.920753479,248.957092285,103.557830811,
-3.18511390686,-163.013565063,300.944122314,-90.3287200928,248.742019653,105.518608093,
-95.2087478638,-150.360519409,290.943054199,-91.2535171509,246.497329712,111.049560547,
-45.3459625244,-184.347000122,233.467712402,-91.7018508911,243.63923645,112.33732605,
-18.8385181427,-170.19052124,228.60319519,-92.916519165,242.357162476,112.827407837,
-12.4969339371,-147.597976685,225.441192627,-93.5298690796,241.625732422,113.670806885,
7.66129875183,-128.404312134,163.072463989,-94.2113723755,240.542419434,114.720184326,
22.0577316284,-131.525100708,251.897262573,-94.6924133301,239.481948853,114.834190369,
-63.7991676331,-145.490783691,243.896957397,-95.0462646484,238.102416992,116.384117126,
-68.6561813354,-151.628433228,316.514556885,-94.9055786133,237.201477051,118.908210754,
-81.4282608032,-158.073989868,372.463348389,-94.9128494263,236.279800415,120.509338379,
-106.680496216,-160.55670166,370.306610107,-94.7684326172,235.612548828,122.134216309,
-130.322021484,-148.632904053,350.445465088,-94.5781707764,235.41607666,123.523948669,
-124.366744995,-123.803878784,351.895141602,-94.6225280762,235.206878662,124.62701416,
-176.601089478,-112.931762695,389.955078125,-94.8093490601,235.246551514,125.938186646,
-203.052947998,-100.11743927,379.461700439,-95.0646972656,235.230499268,127.226974487,
-214.688323975,-108.537208557,379.767791748,-95.2021255493,234.540130615,129.069595337,
-171.218444824,-103.431762695,337.759216309,-95.3868408203,233.758026123,130.815536499,
-142.944580078,-89.8242797852,302.691497803,-95.7653274536,233.227539062,132.010406494,
-114.114334106,-77.8818740845,274.927307129,-95.9208374023,232.675827026,132.664855957,
-53.1888885498,-89.074798584,120.488479614,-96.2012786865,232.445251465,133.471450806,
-50.0571632385,-82.544303894,103.950057983,-96.5054931641,232.143737793,134.082351685,
-52.4480743408,-85.5147323608,99.1443557739,-96.9926834106,231.528869629,134.877532959,
-50.4245567322,-84.5595703125,96.7897796631,-97.3042449951,231.041717529,135.675308228,
-45.8799667358,-85.1134872437,98.3880691528,-97.4639511108,230.657363892,136.54045105,
-45.4927444458,-87.4517669678,102.628631592,-97.6605453491,230.125015259,137.44229126,
-45.1494903564,-110.032348633,109.784408569,-97.8906936646,228.778991699,138.33656311,
-43.2821731567,-129.092697144,113.401557922,-98.2165985107,227.161209106,139.319671631,
-35.9511947632,-121.04649353,101.828315735,-98.3929290771,226.285888672,139.851593018,
-35.240776062,-111.422775269,107.182792664,-98.556060791,225.712432861,140.618804932,
-28.2902126312,-98.8152389526,102.206787109,-98.5290374756,225.292709351,141.294692993,
-20.9602184296,-82.5784454346,87.983253479,-98.5126571655,225.038314819,141.704360962,
-15.4550247192,-72.7387008667,80.9302825928,-98.3578186035,224.904998779,142.025726318,
-12.2006950378,-94.6972579956,109.62651825,-97.7625045776,224.332336426,142.70552063,
-10.5171403885,-98.7445373535,122.735618591,-97.3553466797,223.940673828,143.170471191,
-7.9764175415,-93.9633102417,155.469360352,-96.8618240356,223.713119507,144.242294312,
-2.92463040352,-76.6637268066,192.578277588,-96.3059768677,223.595932007,145.549758911,
5.75336885452,-74.7707672119,238.620941162,-95.2866287231,223.806625366,148.259262085,
12.0069799423,-63.4019622803,229.723983765,-94.5215606689,223.940917969,149.644714355,
6.75945472717,-37.9045181274,252.883911133,-93.8563842773,224.104187012,150.853897095,
-26.6934528351,25.9149990082,144.987670898,-93.1807403564,223.701599121,152.270980835,
-24.1876392365,10.1897478104,162.089111328,-93.3826141357,223.351303101,153.865539551,
-20.412694931,-64.9230804443,189.711502075,-94.4466705322,222.044647217,158.600692749,
-22.0157089233,-76.3674926758,249.599121094,-95.0826416016,220.87020874,161.192733765,
-18.9184989929,-62.7494163513,214.639938354,-94.5159378052,220.35597229,162.40927124,
-19.3471031189,-36.5510864258,177.953308105,-93.6752548218,220.251052856,163.375823975,
-24.3263225555,-17.4193115234,141.346298218,-93.3073120117,220.208480835,163.726913452,
-58.7841377258,-193.815216064,310.26171875,-94.2983856201,214.695648193,173.013549805,
-65.268661499,-226.427963257,320.997894287,-94.7831420898,211.999176025,177.555877686,
-35.8337097168,-240.828765869,321.283813477,-93.2146530151,209.43409729,182.569122314,
-60.4414100647,-253.861328125,326.206054688,-93.8651275635,206.691009521,186.056015015,
97.5898895264,-334.985443115,79.5671691895,-95.107208252,202.705368042,190.046325684,
121.101737976,-235.066497803,29.7046279907,-99.2442092896,198.581054688,196.443374634,
118.330879211,-78.8699035645,28.1756877899,-101.508079529,197.418670654,201.009902954,
103.050292969,-16.4199924469,-9.27152252197,-102.552215576,196.605361938,203.752456665,
35.0856361389,38.1999893188,-59.4688529968,-104.375686646,196.87159729,206.801742554,
-24.2760829926,77.9158782959,80.7400817871,-106.909141541,196.26802063,212.208709717,
-73.9226150513,98.7511520386,81.3712921143,-109.07434082,196.641784668,213.730957031,
